ts,symbol,interval,open_time_utc,open,high,low,close,volume,close_time_utc,quote_volume,trades,source,feed_status,real_live_verified,claim_level
2026-06-25T09:18:08+00:00,XRPUSDT,5m,2026-06-25T08:55:00+00:00,1.0839,1.084,1.0827,1.083,107901.1,2026-06-25T08:59:59+00:00,116895.9631,673,https://data-api.binance.vision,OK_KLINES_XRPUSDT_5m_5,True,CANDLE_HARVEST_PUBLIC_MARKET_DATA_ONLY_NOT_EDGE_PROOF
2026-06-25T09:18:08+00:00,XRPUSDT,5m,2026-06-25T09:00:00+00:00,1.0831,1.0839,1.0827,1.0837,102977.5,2026-06-25T09:04:59+00:00,111578.89521,815,https://data-api.binance.vision,OK_KLINES_XRPUSDT_5m_5,True,CANDLE_HARVEST_PUBLIC_MARKET_DATA_ONLY_NOT_EDGE_PROOF
2026-06-25T09:18:08+00:00,XRPUSDT,5m,2026-06-25T09:05:00+00:00,1.0838,1.0838,1.0825,1.083,170296.8,2026-06-25T09:09:59+00:00,184421.29804,765,https://data-api.binance.vision,OK_KLINES_XRPUSDT_5m_5,True,CANDLE_HARVEST_PUBLIC_MARKET_DATA_ONLY_NOT_EDGE_PROOF
2026-06-25T09:18:08+00:00,XRPUSDT,5m,2026-06-25T09:10:00+00:00,1.083,1.0837,1.0829,1.0834,71575.1,2026-06-25T09:14:59+00:00,77546.74728,499,https://data-api.binance.vision,OK_KLINES_XRPUSDT_5m_5,True,CANDLE_HARVEST_PUBLIC_MARKET_DATA_ONLY_NOT_EDGE_PROOF
2026-06-25T09:18:08+00:00,XRPUSDT,5m,2026-06-25T09:15:00+00:00,1.0834,1.0839,1.0832,1.0835,50976.5,2026-06-25T09:19:59+00:00,55237.82284,357,https://data-api.binance.vision,OK_KLINES_XRPUSDT_5m_5,True,CANDLE_HARVEST_PUBLIC_MARKET_DATA_ONLY_NOT_EDGE_PROOF
2026-06-25T09:21:06+00:00,XRPUSDT,5m,2026-06-25T09:20:00+00:00,1.0834,1.0835,1.0832,1.0832,22788.7,2026-06-25T09:24:59+00:00,24688.44252,81,https://data-api.binance.vision,OK_KLINES_XRPUSDT_5m_5,True,CANDLE_HARVEST_PUBLIC_MARKET_DATA_ONLY_NOT_EDGE_PROOF
2026-06-25T09:25:10+00:00,XRPUSDT,5m,2026-06-25T09:25:00+00:00,1.0818,1.0818,1.0816,1.0816,5187.9,2026-06-25T09:29:59+00:00,5612.18825,35,https://data-api.binance.vision,OK_KLINES_XRPUSDT_5m_5,True,CANDLE_HARVEST_PUBLIC_MARKET_DATA_ONLY_NOT_EDGE_PROOF
2026-06-25T09:30:10+00:00,XRPUSDT,5m,2026-06-25T09:30:00+00:00,1.082,1.082,1.0819,1.082,317.2,2026-06-25T09:34:59+00:00,343.189,6,https://data-api.binance.vision,OK_KLINES_XRPUSDT_5m_5,True,CANDLE_HARVEST_PUBLIC_MARKET_DATA_ONLY_NOT_EDGE_PROOF
2026-06-25T09:35:46+00:00,XRPUSDT,5m,2026-06-25T09:35:00+00:00,1.0812,1.0814,1.0809,1.0809,19606.0,2026-06-25T09:39:59+00:00,21198.88253,137,https://data-api.binance.vision,OK_KLINES_XRPUSDT_5m_5,True,CANDLE_HARVEST_PUBLIC_MARKET_DATA_ONLY_NOT_EDGE_PROOF
2026-06-25T09:40:41+00:00,XRPUSDT,5m,2026-06-25T09:40:00+00:00,1.081,1.0811,1.081,1.081,42689.4,2026-06-25T09:44:59+00:00,46149.77787,86,https://data-api.binance.vision,OK_KLINES_XRPUSDT_5m_5,True,CANDLE_HARVEST_PUBLIC_MARKET_DATA_ONLY_NOT_EDGE_PROOF
2026-06-25T09:52:40+00:00,XRPUSDT,5m,2026-06-25T09:45:00+00:00,1.0808,1.0812,1.0808,1.0809,134048.8,2026-06-25T09:49:59+00:00,144908.60544,486,https://data-api.binance.vision,OK_KLINES_XRPUSDT_5m_5,True,CANDLE_HARVEST_PUBLIC_MARKET_DATA_ONLY_NOT_EDGE_PROOF
2026-06-25T09:52:40+00:00,XRPUSDT,5m,2026-06-25T09:50:00+00:00,1.081,1.0818,1.0809,1.081,73901.4,2026-06-25T09:54:59+00:00,79909.64208,374,https://data-api.binance.vision,OK_KLINES_XRPUSDT_5m_5,True,CANDLE_HARVEST_PUBLIC_MARKET_DATA_ONLY_NOT_EDGE_PROOF
2026-06-25T09:56:20+00:00,XRPUSDT,5m,2026-06-25T09:55:00+00:00,1.0808,1.081,1.0806,1.081,45925.7,2026-06-25T09:59:59+00:00,49631.62949,254,https://data-api.binance.vision,OK_KLINES_XRPUSDT_5m_5,True,CANDLE_HARVEST_PUBLIC_MARKET_DATA_ONLY_NOT_EDGE_PROOF
2026-06-25T10:00:31+00:00,XRPUSDT,5m,2026-06-25T10:00:00+00:00,1.0815,1.0816,1.0814,1.0815,3246.5,2026-06-25T10:04:59+00:00,3511.13135,38,https://data-api.binance.vision,OK_KLINES_XRPUSDT_5m_5,True,CANDLE_HARVEST_PUBLIC_MARKET_DATA_ONLY_NOT_EDGE_PROOF
2026-06-25T10:05:45+00:00,XRPUSDT,5m,2026-06-25T10:05:00+00:00,1.081,1.081,1.0808,1.0809,17298.5,2026-06-25T10:09:59+00:00,18697.40677,90,https://data-api.binance.vision,OK_KLINES_XRPUSDT_5m_5,True,CANDLE_HARVEST_PUBLIC_MARKET_DATA_ONLY_NOT_EDGE_PROOF
2026-06-25T10:10:56+00:00,XRPUSDT,5m,2026-06-25T10:10:00+00:00,1.0796,1.0799,1.0793,1.0794,51038.5,2026-06-25T10:14:59+00:00,55106.57121,185,https://data-api.binance.vision,OK_KLINES_XRPUSDT_5m_5,True,CANDLE_HARVEST_PUBLIC_MARKET_DATA_ONLY_NOT_EDGE_PROOF
2026-06-25T10:17:25+00:00,XRPUSDT,5m,2026-06-25T10:15:00+00:00,1.0807,1.0814,1.0805,1.0805,118666.0,2026-06-25T10:19:59+00:00,128271.93572,538,https://data-api.binance.vision,OK_KLINES_XRPUSDT_5m_5,True,CANDLE_HARVEST_PUBLIC_MARKET_DATA_ONLY_NOT_EDGE_PROOF
2026-06-25T10:20:17+00:00,XRPUSDT,5m,2026-06-25T10:20:00+00:00,1.0801,1.0803,1.08,1.0803,8630.1,2026-06-25T10:24:59+00:00,9321.60988,71,https://data-api.binance.vision,OK_KLINES_XRPUSDT_5m_5,True,CANDLE_HARVEST_PUBLIC_MARKET_DATA_ONLY_NOT_EDGE_PROOF
2026-06-25T10:25:03+00:00,XRPUSDT,5m,2026-06-25T10:25:00+00:00,1.0789,1.0789,1.0789,1.0789,72.7,2026-06-25T10:29:59+00:00,78.43603,1,https://data-api.binance.vision,OK_KLINES_XRPUSDT_5m_5,True,CANDLE_HARVEST_PUBLIC_MARKET_DATA_ONLY_NOT_EDGE_PROOF
2026-06-25T10:30:37+00:00,XRPUSDT,5m,2026-06-25T10:30:00+00:00,1.0785,1.0786,1.0785,1.0785,13763.3,2026-06-25T10:34:59+00:00,14844.01424,102,https://data-api.binance.vision,OK_KLINES_XRPUSDT_5m_5,True,CANDLE_HARVEST_PUBLIC_MARKET_DATA_ONLY_NOT_EDGE_PROOF
2026-06-25T10:35:31+00:00,XRPUSDT,5m,2026-06-25T10:35:00+00:00,1.0772,1.0773,1.0772,1.0772,6504.7,2026-06-25T10:39:59+00:00,7006.90518,23,https://data-api.binance.vision,OK_KLINES_XRPUSDT_5m_5,True,CANDLE_HARVEST_PUBLIC_MARKET_DATA_ONLY_NOT_EDGE_PROOF
2026-06-25T10:40:12+00:00,XRPUSDT,5m,2026-06-25T10:40:00+00:00,1.076,1.0761,1.076,1.076,1670.3,2026-06-25T10:44:59+00:00,1797.38652,26,https://data-api.binance.vision,OK_KLINES_XRPUSDT_5m_5,True,CANDLE_HARVEST_PUBLIC_MARKET_DATA_ONLY_NOT_EDGE_PROOF
2026-06-25T10:45:54+00:00,XRPUSDT,5m,2026-06-25T10:45:00+00:00,1.0746,1.0746,1.0732,1.0735,94217.0,2026-06-25T10:49:59+00:00,101152.74476,846,https://data-api.binance.vision,OK_KLINES_XRPUSDT_5m_5,True,CANDLE_HARVEST_PUBLIC_MARKET_DATA_ONLY_NOT_EDGE_PROOF
2026-06-25T10:50:53+00:00,XRPUSDT,5m,2026-06-25T10:50:00+00:00,1.0746,1.0752,1.0746,1.0751,27306.1,2026-06-25T10:54:59+00:00,29352.88077,156,https://data-api.binance.vision,OK_KLINES_XRPUSDT_5m_5,True,CANDLE_HARVEST_PUBLIC_MARKET_DATA_ONLY_NOT_EDGE_PROOF
2026-06-25T11:13:07+00:00,XRPUSDT,5m,2026-06-25T10:55:00+00:00,1.0746,1.0746,1.0735,1.0737,95917.0,2026-06-25T10:59:59+00:00,103009.0005,605,https://data-api.binance.vision,OK_KLINES_XRPUSDT_5m_5,True,CANDLE_HARVEST_PUBLIC_MARKET_DATA_ONLY_NOT_EDGE_PROOF
2026-06-25T11:13:07+00:00,XRPUSDT,5m,2026-06-25T11:00:00+00:00,1.0738,1.0744,1.0726,1.0731,196266.7,2026-06-25T11:04:59+00:00,210730.88436,1519,https://data-api.binance.vision,OK_KLINES_XRPUSDT_5m_5,True,CANDLE_HARVEST_PUBLIC_MARKET_DATA_ONLY_NOT_EDGE_PROOF
2026-06-25T11:13:07+00:00,XRPUSDT,5m,2026-06-25T11:05:00+00:00,1.0731,1.0731,1.068,1.0683,590414.8,2026-06-25T11:09:59+00:00,631664.00677,3337,https://data-api.binance.vision,OK_KLINES_XRPUSDT_5m_5,True,CANDLE_HARVEST_PUBLIC_MARKET_DATA_ONLY_NOT_EDGE_PROOF
2026-06-25T11:13:07+00:00,XRPUSDT,5m,2026-06-25T11:10:00+00:00,1.0682,1.0706,1.0682,1.0702,208429.8,2026-06-25T11:14:59+00:00,222891.87091,1319,https://data-api.binance.vision,OK_KLINES_XRPUSDT_5m_5,True,CANDLE_HARVEST_PUBLIC_MARKET_DATA_ONLY_NOT_EDGE_PROOF
2026-06-25T11:16:02+00:00,XRPUSDT,5m,2026-06-25T11:15:00+00:00,1.0721,1.0732,1.0716,1.0716,79594.3,2026-06-25T11:19:59+00:00,85350.17725,1251,https://data-api.binance.vision,OK_KLINES_XRPUSDT_5m_5,True,CANDLE_HARVEST_PUBLIC_MARKET_DATA_ONLY_NOT_EDGE_PROOF
2026-06-25T11:31:36+00:00,XRPUSDT,5m,2026-06-25T11:20:00+00:00,1.0709,1.0717,1.0708,1.071,118774.0,2026-06-25T11:24:59+00:00,127224.597,1194,https://data-api.binance.vision,OK_KLINES_XRPUSDT_5m_5,True,CANDLE_HARVEST_PUBLIC_MARKET_DATA_ONLY_NOT_EDGE_PROOF
2026-06-25T11:31:36+00:00,XRPUSDT,5m,2026-06-25T11:25:00+00:00,1.071,1.0713,1.0702,1.0704,151299.7,2026-06-25T11:29:59+00:00,161989.31175,785,https://data-api.binance.vision,OK_KLINES_XRPUSDT_5m_5,True,CANDLE_HARVEST_PUBLIC_MARKET_DATA_ONLY_NOT_EDGE_PROOF
2026-06-25T11:31:36+00:00,XRPUSDT,5m,2026-06-25T11:30:00+00:00,1.0704,1.0709,1.0701,1.0705,77347.2,2026-06-25T11:34:59+00:00,82806.67582,444,https://data-api.binance.vision,OK_KLINES_XRPUSDT_5m_5,True,CANDLE_HARVEST_PUBLIC_MARKET_DATA_ONLY_NOT_EDGE_PROOF
2026-06-25T11:35:50+00:00,XRPUSDT,5m,2026-06-25T11:35:00+00:00,1.0699,1.0702,1.0698,1.0702,20120.5,2026-06-25T11:39:59+00:00,21528.56278,132,https://data-api.binance.vision,OK_KLINES_XRPUSDT_5m_5,True,CANDLE_HARVEST_PUBLIC_MARKET_DATA_ONLY_NOT_EDGE_PROOF
2026-06-25T11:40:43+00:00,XRPUSDT,5m,2026-06-25T11:40:00+00:00,1.071,1.071,1.0707,1.0709,42107.0,2026-06-25T11:44:59+00:00,45093.03324,178,https://data-api.binance.vision,OK_KLINES_XRPUSDT_5m_5,True,CANDLE_HARVEST_PUBLIC_MARKET_DATA_ONLY_NOT_EDGE_PROOF
2026-06-25T11:47:28+00:00,XRPUSDT,5m,2026-06-25T11:45:00+00:00,1.0709,1.0712,1.0706,1.0706,40877.9,2026-06-25T11:49:59+00:00,43777.95881,285,https://data-api.binance.vision,OK_KLINES_XRPUSDT_5m_5,True,CANDLE_HARVEST_PUBLIC_MARKET_DATA_ONLY_NOT_EDGE_PROOF
2026-06-25T11:52:09+00:00,XRPUSDT,5m,2026-06-25T11:50:00+00:00,1.0695,1.0711,1.0694,1.0707,39283.9,2026-06-25T11:54:59+00:00,42054.84353,535,https://data-api.binance.vision,OK_KLINES_XRPUSDT_5m_5,True,CANDLE_HARVEST_PUBLIC_MARKET_DATA_ONLY_NOT_EDGE_PROOF
2026-06-25T11:55:08+00:00,XRPUSDT,5m,2026-06-25T11:55:00+00:00,1.0707,1.0712,1.0707,1.0707,57946.5,2026-06-25T11:59:59+00:00,62057.55653,205,https://data-api.binance.vision,OK_KLINES_XRPUSDT_5m_5,True,CANDLE_HARVEST_PUBLIC_MARKET_DATA_ONLY_NOT_EDGE_PROOF
2026-06-25T12:01:03+00:00,XRPUSDT,5m,2026-06-25T12:00:00+00:00,1.0721,1.0732,1.0721,1.0724,11887.1,2026-06-25T12:04:59+00:00,12749.5847,488,https://data-api.binance.vision,OK_KLINES_XRPUSDT_5m_5,True,CANDLE_HARVEST_PUBLIC_MARKET_DATA_ONLY_NOT_EDGE_PROOF
2026-06-25T12:10:46+00:00,XRPUSDT,5m,2026-06-25T12:05:00+00:00,1.0714,1.0722,1.0703,1.0715,159672.9,2026-06-25T12:09:59+00:00,171080.84413,1223,https://data-api.binance.vision,OK_KLINES_XRPUSDT_5m_5,True,CANDLE_HARVEST_PUBLIC_MARKET_DATA_ONLY_NOT_EDGE_PROOF
2026-06-25T12:10:46+00:00,XRPUSDT,5m,2026-06-25T12:10:00+00:00,1.0714,1.0718,1.0713,1.0717,7287.9,2026-06-25T12:14:59+00:00,7808.49214,106,https://data-api.binance.vision,OK_KLINES_XRPUSDT_5m_5,True,CANDLE_HARVEST_PUBLIC_MARKET_DATA_ONLY_NOT_EDGE_PROOF
2026-06-25T12:17:15+00:00,XRPUSDT,5m,2026-06-25T12:15:00+00:00,1.0707,1.0708,1.07,1.0701,87620.1,2026-06-25T12:19:59+00:00,93804.06813,365,https://data-api.binance.vision,OK_KLINES_XRPUSDT_5m_5,True,CANDLE_HARVEST_PUBLIC_MARKET_DATA_ONLY_NOT_EDGE_PROOF
2026-06-25T12:20:11+00:00,XRPUSDT,5m,2026-06-25T12:20:00+00:00,1.0692,1.0694,1.0692,1.0692,3871.5,2026-06-25T12:24:59+00:00,4139.47512,74,https://data-api.binance.vision,OK_KLINES_XRPUSDT_5m_5,True,CANDLE_HARVEST_PUBLIC_MARKET_DATA_ONLY_NOT_EDGE_PROOF
2026-06-25T14:57:48+00:00,XRPUSDT,5m,2026-06-25T14:35:00+00:00,1.0436,1.0445,1.0359,1.0384,1022434.2,2026-06-25T14:39:59+00:00,1063329.02301,13092,https://data-api.binance.vision,OK_KLINES_XRPUSDT_5m_5,True,CANDLE_HARVEST_PUBLIC_MARKET_DATA_ONLY_NOT_EDGE_PROOF
2026-06-25T14:57:48+00:00,XRPUSDT,5m,2026-06-25T14:40:00+00:00,1.0385,1.0389,1.0329,1.0341,995863.3,2026-06-25T14:44:59+00:00,1031531.775,9801,https://data-api.binance.vision,OK_KLINES_XRPUSDT_5m_5,True,CANDLE_HARVEST_PUBLIC_MARKET_DATA_ONLY_NOT_EDGE_PROOF
2026-06-25T14:57:48+00:00,XRPUSDT,5m,2026-06-25T14:45:00+00:00,1.0341,1.0349,1.0318,1.0339,1117858.8,2026-06-25T14:49:59+00:00,1155032.94939,8996,https://data-api.binance.vision,OK_KLINES_XRPUSDT_5m_5,True,CANDLE_HARVEST_PUBLIC_MARKET_DATA_ONLY_NOT_EDGE_PROOF
2026-06-25T14:57:48+00:00,XRPUSDT,5m,2026-06-25T14:50:00+00:00,1.034,1.0397,1.0339,1.0381,953782.8,2026-06-25T14:54:59+00:00,988859.75799,8308,https://data-api.binance.vision,OK_KLINES_XRPUSDT_5m_5,True,CANDLE_HARVEST_PUBLIC_MARKET_DATA_ONLY_NOT_EDGE_PROOF
2026-06-25T14:57:48+00:00,XRPUSDT,5m,2026-06-25T14:55:00+00:00,1.0381,1.0381,1.0331,1.0338,380479.4,2026-06-25T14:59:59+00:00,394091.37935,4164,https://data-api.binance.vision,OK_KLINES_XRPUSDT_5m_5,True,CANDLE_HARVEST_PUBLIC_MARKET_DATA_ONLY_NOT_EDGE_PROOF
2026-06-25T15:00:52+00:00,XRPUSDT,5m,2026-06-25T15:00:00+00:00,1.0335,1.0338,1.0322,1.0324,153671.7,2026-06-25T15:04:59+00:00,158709.05369,1210,https://data-api.binance.vision,OK_KLINES_XRPUSDT_5m_5,True,CANDLE_HARVEST_PUBLIC_MARKET_DATA_ONLY_NOT_EDGE_PROOF
2026-06-25T15:06:13+00:00,XRPUSDT,5m,2026-06-25T15:05:00+00:00,1.0316,1.0332,1.0302,1.0303,267153.2,2026-06-25T15:09:59+00:00,275586.43548,2880,https://data-api.binance.vision,OK_KLINES_XRPUSDT_5m_5,True,CANDLE_HARVEST_PUBLIC_MARKET_DATA_ONLY_NOT_EDGE_PROOF
2026-06-25T15:10:11+00:00,XRPUSDT,5m,2026-06-25T15:10:00+00:00,1.0311,1.0313,1.0305,1.0306,36539.7,2026-06-25T15:14:59+00:00,37662.50869,293,https://data-api.binance.vision,OK_KLINES_XRPUSDT_5m_5,True,CANDLE_HARVEST_PUBLIC_MARKET_DATA_ONLY_NOT_EDGE_PROOF
2026-06-25T15:15:26+00:00,XRPUSDT,5m,2026-06-25T15:15:00+00:00,1.0268,1.0268,1.0241,1.0245,111252.1,2026-06-25T15:19:59+00:00,114096.65697,1107,https://data-api.binance.vision,OK_KLINES_XRPUSDT_5m_5,True,CANDLE_HARVEST_PUBLIC_MARKET_DATA_ONLY_NOT_EDGE_PROOF
2026-06-25T15:20:45+00:00,XRPUSDT,5m,2026-06-25T15:20:00+00:00,1.0325,1.0328,1.0303,1.0321,265506.8,2026-06-25T15:24:59+00:00,273839.66442,1674,https://data-api.binance.vision,OK_KLINES_XRPUSDT_5m_5,True,CANDLE_HARVEST_PUBLIC_MARKET_DATA_ONLY_NOT_EDGE_PROOF
2026-06-25T15:26:05+00:00,XRPUSDT,5m,2026-06-25T15:25:00+00:00,1.0345,1.0351,1.0323,1.0327,160417.3,2026-06-25T15:29:59+00:00,165811.26759,1683,https://data-api.binance.vision,OK_KLINES_XRPUSDT_5m_5,True,CANDLE_HARVEST_PUBLIC_MARKET_DATA_ONLY_NOT_EDGE_PROOF
2026-06-25T15:31:19+00:00,XRPUSDT,5m,2026-06-25T15:30:00+00:00,1.0327,1.0343,1.0325,1.0338,305026.4,2026-06-25T15:34:59+00:00,315152.68242,2296,https://data-api.binance.vision,OK_KLINES_XRPUSDT_5m_5,True,CANDLE_HARVEST_PUBLIC_MARKET_DATA_ONLY_NOT_EDGE_PROOF
2026-06-25T15:35:11+00:00,XRPUSDT,5m,2026-06-25T15:35:00+00:00,1.0328,1.034,1.0327,1.0337,24008.7,2026-06-25T15:39:59+00:00,24805.69531,431,https://data-api.binance.vision,OK_KLINES_XRPUSDT_5m_5,True,CANDLE_HARVEST_PUBLIC_MARKET_DATA_ONLY_NOT_EDGE_PROOF
2026-06-25T15:40:28+00:00,XRPUSDT,5m,2026-06-25T15:40:00+00:00,1.0324,1.0329,1.0321,1.0329,9835.5,2026-06-25T15:44:59+00:00,10153.49149,320,https://data-api.binance.vision,OK_KLINES_XRPUSDT_5m_5,True,CANDLE_HARVEST_PUBLIC_MARKET_DATA_ONLY_NOT_EDGE_PROOF
2026-06-25T15:45:43+00:00,XRPUSDT,5m,2026-06-25T15:45:00+00:00,1.031,1.0324,1.03,1.0322,75924.1,2026-06-25T15:49:59+00:00,78295.85079,1016,https://data-api.binance.vision,OK_KLINES_XRPUSDT_5m_5,True,CANDLE_HARVEST_PUBLIC_MARKET_DATA_ONLY_NOT_EDGE_PROOF
2026-06-25T15:51:01+00:00,XRPUSDT,5m,2026-06-25T15:50:00+00:00,1.0311,1.0333,1.0308,1.0329,154745.2,2026-06-25T15:54:59+00:00,159745.13856,861,https://data-api.binance.vision,OK_KLINES_XRPUSDT_5m_5,True,CANDLE_HARVEST_PUBLIC_MARKET_DATA_ONLY_NOT_EDGE_PROOF
2026-06-25T15:56:21+00:00,XRPUSDT,5m,2026-06-25T15:55:00+00:00,1.0346,1.0359,1.034,1.0356,92225.5,2026-06-25T15:59:59+00:00,95471.40528,1384,https://data-api.binance.vision,OK_KLINES_XRPUSDT_5m_5,True,CANDLE_HARVEST_PUBLIC_MARKET_DATA_ONLY_NOT_EDGE_PROOF
2026-06-25T16:00:15+00:00,XRPUSDT,5m,2026-06-25T16:00:00+00:00,1.0352,1.036,1.0351,1.036,15166.2,2026-06-25T16:04:59+00:00,15704.37162,414,https://data-api.binance.vision,OK_KLINES_XRPUSDT_5m_5,True,CANDLE_HARVEST_PUBLIC_MARKET_DATA_ONLY_NOT_EDGE_PROOF
2026-06-25T16:05:28+00:00,XRPUSDT,5m,2026-06-25T16:05:00+00:00,1.036,1.0363,1.0353,1.0357,22721.8,2026-06-25T16:09:59+00:00,23539.84974,397,https://data-api.binance.vision,OK_KLINES_XRPUSDT_5m_5,True,CANDLE_HARVEST_PUBLIC_MARKET_DATA_ONLY_NOT_EDGE_PROOF
2026-06-25T16:10:45+00:00,XRPUSDT,5m,2026-06-25T16:10:00+00:00,1.0434,1.044,1.042,1.0437,114010.2,2026-06-25T16:14:59+00:00,118933.87315,1299,https://data-api.binance.vision,OK_KLINES_XRPUSDT_5m_5,True,CANDLE_HARVEST_PUBLIC_MARKET_DATA_ONLY_NOT_EDGE_PROOF
2026-06-25T16:16:01+00:00,XRPUSDT,5m,2026-06-25T16:15:00+00:00,1.0407,1.0409,1.0401,1.0404,63372.6,2026-06-25T16:19:59+00:00,65941.79617,918,https://data-api.binance.vision,OK_KLINES_XRPUSDT_5m_5,True,CANDLE_HARVEST_PUBLIC_MARKET_DATA_ONLY_NOT_EDGE_PROOF
2026-06-25T16:21:13+00:00,XRPUSDT,5m,2026-06-25T16:20:00+00:00,1.0397,1.04,1.0373,1.0375,123805.8,2026-06-25T16:24:59+00:00,128566.31599,1239,https://data-api.binance.vision,OK_KLINES_XRPUSDT_5m_5,True,CANDLE_HARVEST_PUBLIC_MARKET_DATA_ONLY_NOT_EDGE_PROOF
2026-06-25T16:25:10+00:00,XRPUSDT,5m,2026-06-25T16:25:00+00:00,1.0382,1.0382,1.0378,1.0379,1376.4,2026-06-25T16:29:59+00:00,1428.69228,85,https://data-api.binance.vision,OK_KLINES_XRPUSDT_5m_5,True,CANDLE_HARVEST_PUBLIC_MARKET_DATA_ONLY_NOT_EDGE_PROOF
2026-06-25T16:30:21+00:00,XRPUSDT,5m,2026-06-25T16:30:00+00:00,1.0383,1.0383,1.0361,1.0365,79350.2,2026-06-25T16:34:59+00:00,82263.99419,860,https://data-api.binance.vision,OK_KLINES_XRPUSDT_5m_5,True,CANDLE_HARVEST_PUBLIC_MARKET_DATA_ONLY_NOT_EDGE_PROOF
2026-06-25T16:35:36+00:00,XRPUSDT,5m,2026-06-25T16:35:00+00:00,1.0339,1.0342,1.0334,1.0339,51180.5,2026-06-25T16:39:59+00:00,52913.81762,455,https://data-api.binance.vision,OK_KLINES_XRPUSDT_5m_5,True,CANDLE_HARVEST_PUBLIC_MARKET_DATA_ONLY_NOT_EDGE_PROOF
2026-06-25T16:40:50+00:00,XRPUSDT,5m,2026-06-25T16:40:00+00:00,1.0309,1.0311,1.0302,1.0311,29476.2,2026-06-25T16:44:59+00:00,30379.24994,433,https://data-api.binance.vision,OK_KLINES_XRPUSDT_5m_5,True,CANDLE_HARVEST_PUBLIC_MARKET_DATA_ONLY_NOT_EDGE_PROOF
2026-06-25T16:46:01+00:00,XRPUSDT,5m,2026-06-25T16:45:00+00:00,1.0295,1.0298,1.0266,1.0272,140683.8,2026-06-25T16:49:59+00:00,144618.93898,1182,https://data-api.binance.vision,OK_KLINES_XRPUSDT_5m_5,True,CANDLE_HARVEST_PUBLIC_MARKET_DATA_ONLY_NOT_EDGE_PROOF
2026-06-25T16:51:20+00:00,XRPUSDT,5m,2026-06-25T16:50:00+00:00,1.0303,1.031,1.03,1.0309,101346.4,2026-06-25T16:54:59+00:00,104431.13866,735,https://data-api.binance.vision,OK_KLINES_XRPUSDT_5m_5,True,CANDLE_HARVEST_PUBLIC_MARKET_DATA_ONLY_NOT_EDGE_PROOF
2026-06-25T16:55:16+00:00,XRPUSDT,5m,2026-06-25T16:55:00+00:00,1.0305,1.0308,1.0302,1.0303,73510.2,2026-06-25T16:59:59+00:00,75749.13124,294,https://data-api.binance.vision,OK_KLINES_XRPUSDT_5m_5,True,CANDLE_HARVEST_PUBLIC_MARKET_DATA_ONLY_NOT_EDGE_PROOF
2026-06-25T17:00:28+00:00,XRPUSDT,5m,2026-06-25T17:00:00+00:00,1.0308,1.0319,1.0308,1.031,39854.6,2026-06-25T17:04:59+00:00,41112.47764,462,https://data-api.binance.vision,OK_KLINES_XRPUSDT_5m_5,True,CANDLE_HARVEST_PUBLIC_MARKET_DATA_ONLY_NOT_EDGE_PROOF
2026-06-25T17:05:46+00:00,XRPUSDT,5m,2026-06-25T17:05:00+00:00,1.0306,1.031,1.0305,1.0306,20804.9,2026-06-25T17:09:59+00:00,21443.89251,311,https://data-api.binance.vision,OK_KLINES_XRPUSDT_5m_5,True,CANDLE_HARVEST_PUBLIC_MARKET_DATA_ONLY_NOT_EDGE_PROOF
2026-06-25T17:11:01+00:00,XRPUSDT,5m,2026-06-25T17:10:00+00:00,1.0333,1.0352,1.0333,1.0351,433153.2,2026-06-25T17:14:59+00:00,447958.30398,1184,https://data-api.binance.vision,OK_KLINES_XRPUSDT_5m_5,True,CANDLE_HARVEST_PUBLIC_MARKET_DATA_ONLY_NOT_EDGE_PROOF
2026-06-25T17:16:20+00:00,XRPUSDT,5m,2026-06-25T17:15:00+00:00,1.0385,1.0432,1.0385,1.0431,138320.5,2026-06-25T17:19:59+00:00,144023.18044,2078,https://data-api.binance.vision,OK_KLINES_XRPUSDT_5m_5,True,CANDLE_HARVEST_PUBLIC_MARKET_DATA_ONLY_NOT_EDGE_PROOF
2026-06-25T17:20:15+00:00,XRPUSDT,5m,2026-06-25T17:20:00+00:00,1.0395,1.0395,1.0378,1.0378,26929.5,2026-06-25T17:24:59+00:00,27969.96033,376,https://data-api.binance.vision,OK_KLINES_XRPUSDT_5m_5,True,CANDLE_HARVEST_PUBLIC_MARKET_DATA_ONLY_NOT_EDGE_PROOF
2026-06-25T17:25:27+00:00,XRPUSDT,5m,2026-06-25T17:25:00+00:00,1.0408,1.042,1.0408,1.042,14453.0,2026-06-25T17:29:59+00:00,15047.45452,370,https://data-api.binance.vision,OK_KLINES_XRPUSDT_5m_5,True,CANDLE_HARVEST_PUBLIC_MARKET_DATA_ONLY_NOT_EDGE_PROOF
2026-06-25T17:30:42+00:00,XRPUSDT,5m,2026-06-25T17:30:00+00:00,1.044,1.0448,1.0436,1.0439,59348.9,2026-06-25T17:34:59+00:00,61970.22644,768,https://data-api.binance.vision,OK_KLINES_XRPUSDT_5m_5,True,CANDLE_HARVEST_PUBLIC_MARKET_DATA_ONLY_NOT_EDGE_PROOF
2026-06-25T17:35:55+00:00,XRPUSDT,5m,2026-06-25T17:35:00+00:00,1.0426,1.0438,1.042,1.0435,54911.5,2026-06-25T17:39:59+00:00,57271.12864,939,https://data-api.binance.vision,OK_KLINES_XRPUSDT_5m_5,True,CANDLE_HARVEST_PUBLIC_MARKET_DATA_ONLY_NOT_EDGE_PROOF
2026-06-25T17:41:09+00:00,XRPUSDT,5m,2026-06-25T17:40:00+00:00,1.0445,1.045,1.044,1.0447,62842.9,2026-06-25T17:44:59+00:00,65637.76577,563,https://data-api.binance.vision,OK_KLINES_XRPUSDT_5m_5,True,CANDLE_HARVEST_PUBLIC_MARKET_DATA_ONLY_NOT_EDGE_PROOF
2026-06-25T17:45:08+00:00,XRPUSDT,5m,2026-06-25T17:45:00+00:00,1.042,1.042,1.0411,1.0411,26568.2,2026-06-25T17:49:59+00:00,27672.97312,238,https://data-api.binance.vision,OK_KLINES_XRPUSDT_5m_5,True,CANDLE_HARVEST_PUBLIC_MARKET_DATA_ONLY_NOT_EDGE_PROOF
2026-06-25T17:50:22+00:00,XRPUSDT,5m,2026-06-25T17:50:00+00:00,1.0404,1.041,1.0396,1.0408,5976.9,2026-06-25T17:54:59+00:00,6217.02698,442,https://data-api.binance.vision,OK_KLINES_XRPUSDT_5m_5,True,CANDLE_HARVEST_PUBLIC_MARKET_DATA_ONLY_NOT_EDGE_PROOF
2026-06-25T17:55:36+00:00,XRPUSDT,5m,2026-06-25T17:55:00+00:00,1.0431,1.0431,1.0423,1.0428,55681.7,2026-06-25T17:59:59+00:00,58062.98698,347,https://data-api.binance.vision,OK_KLINES_XRPUSDT_5m_5,True,CANDLE_HARVEST_PUBLIC_MARKET_DATA_ONLY_NOT_EDGE_PROOF
2026-06-25T18:00:51+00:00,XRPUSDT,5m,2026-06-25T18:00:00+00:00,1.0462,1.0471,1.0455,1.047,97652.0,2026-06-25T18:04:59+00:00,102161.06376,908,https://data-api.binance.vision,OK_KLINES_XRPUSDT_5m_5,True,CANDLE_HARVEST_PUBLIC_MARKET_DATA_ONLY_NOT_EDGE_PROOF
2026-06-25T18:06:08+00:00,XRPUSDT,5m,2026-06-25T18:05:00+00:00,1.0446,1.0447,1.0431,1.0441,286437.2,2026-06-25T18:09:59+00:00,299015.00094,1335,https://data-api.binance.vision,OK_KLINES_XRPUSDT_5m_5,True,CANDLE_HARVEST_PUBLIC_MARKET_DATA_ONLY_NOT_EDGE_PROOF
2026-06-25T18:10:04+00:00,XRPUSDT,5m,2026-06-25T18:10:00+00:00,1.044,1.044,1.0438,1.0438,3478.4,2026-06-25T18:14:59+00:00,3631.26944,53,https://data-api.binance.vision,OK_KLINES_XRPUSDT_5m_5,True,CANDLE_HARVEST_PUBLIC_MARKET_DATA_ONLY_NOT_EDGE_PROOF
2026-06-25T18:15:23+00:00,XRPUSDT,5m,2026-06-25T18:15:00+00:00,1.0392,1.0396,1.0391,1.0396,35173.8,2026-06-25T18:19:59+00:00,36562.12609,315,https://data-api.binance.vision,OK_KLINES_XRPUSDT_5m_5,True,CANDLE_HARVEST_PUBLIC_MARKET_DATA_ONLY_NOT_EDGE_PROOF
2026-06-25T18:20:36+00:00,XRPUSDT,5m,2026-06-25T18:20:00+00:00,1.0441,1.0451,1.0439,1.0441,28360.7,2026-06-25T18:24:59+00:00,29611.38522,617,https://data-api.binance.vision,OK_KLINES_XRPUSDT_5m_5,True,CANDLE_HARVEST_PUBLIC_MARKET_DATA_ONLY_NOT_EDGE_PROOF
2026-06-25T18:25:49+00:00,XRPUSDT,5m,2026-06-25T18:25:00+00:00,1.0394,1.0405,1.0394,1.0404,66740.1,2026-06-25T18:29:59+00:00,69410.0642,422,https://data-api.binance.vision,OK_KLINES_XRPUSDT_5m_5,True,CANDLE_HARVEST_PUBLIC_MARKET_DATA_ONLY_NOT_EDGE_PROOF
2026-06-25T18:31:04+00:00,XRPUSDT,5m,2026-06-25T18:30:00+00:00,1.043,1.043,1.0406,1.0407,66433.7,2026-06-25T18:34:59+00:00,69240.41192,752,https://data-api.binance.vision,OK_KLINES_XRPUSDT_5m_5,True,CANDLE_HARVEST_PUBLIC_MARKET_DATA_ONLY_NOT_EDGE_PROOF
2026-06-25T18:35:04+00:00,XRPUSDT,5m,2026-06-25T18:35:00+00:00,1.0355,1.0356,1.0354,1.0354,7558.1,2026-06-25T18:39:59+00:00,7826.10126,63,https://data-api.binance.vision,OK_KLINES_XRPUSDT_5m_5,True,CANDLE_HARVEST_PUBLIC_MARKET_DATA_ONLY_NOT_EDGE_PROOF
2026-06-25T18:40:19+00:00,XRPUSDT,5m,2026-06-25T18:40:00+00:00,1.0361,1.0363,1.0358,1.0358,12745.7,2026-06-25T18:44:59+00:00,13206.45147,264,https://data-api.binance.vision,OK_KLINES_XRPUSDT_5m_5,True,CANDLE_HARVEST_PUBLIC_MARKET_DATA_ONLY_NOT_EDGE_PROOF
2026-06-25T18:45:30+00:00,XRPUSDT,5m,2026-06-25T18:45:00+00:00,1.0361,1.0361,1.0355,1.0356,19651.3,2026-06-25T18:49:59+00:00,20355.85207,385,https://data-api.binance.vision,OK_KLINES_XRPUSDT_5m_5,True,CANDLE_HARVEST_PUBLIC_MARKET_DATA_ONLY_NOT_EDGE_PROOF
2026-06-25T18:50:47+00:00,XRPUSDT,5m,2026-06-25T18:50:00+00:00,1.035,1.0351,1.0337,1.0344,58730.1,2026-06-25T18:54:59+00:00,60761.57918,426,https://data-api.binance.vision,OK_KLINES_XRPUSDT_5m_5,True,CANDLE_HARVEST_PUBLIC_MARKET_DATA_ONLY_NOT_EDGE_PROOF
2026-06-25T18:56:05+00:00,XRPUSDT,5m,2026-06-25T18:55:00+00:00,1.0351,1.0365,1.035,1.0358,37224.9,2026-06-25T18:59:59+00:00,38545.51597,409,https://data-api.binance.vision,OK_KLINES_XRPUSDT_5m_5,True,CANDLE_HARVEST_PUBLIC_MARKET_DATA_ONLY_NOT_EDGE_PROOF
2026-06-25T19:00:05+00:00,XRPUSDT,5m,2026-06-25T19:00:00+00:00,1.0347,1.0348,1.0345,1.0345,1688.0,2026-06-25T19:04:59+00:00,1746.58064,83,https://data-api.binance.vision,OK_KLINES_XRPUSDT_5m_5,True,CANDLE_HARVEST_PUBLIC_MARKET_DATA_ONLY_NOT_EDGE_PROOF
2026-06-25T19:05:22+00:00,XRPUSDT,5m,2026-06-25T19:05:00+00:00,1.0308,1.0312,1.0306,1.0312,13536.4,2026-06-25T19:09:59+00:00,13953.63633,192,https://data-api.binance.vision,OK_KLINES_XRPUSDT_5m_5,True,CANDLE_HARVEST_PUBLIC_MARKET_DATA_ONLY_NOT_EDGE_PROOF
2026-06-25T19:10:41+00:00,XRPUSDT,5m,2026-06-25T19:10:00+00:00,1.0312,1.0315,1.0306,1.0312,131424.7,2026-06-25T19:14:59+00:00,135536.37942,476,https://data-api.binance.vision,OK_KLINES_XRPUSDT_5m_5,True,CANDLE_HARVEST_PUBLIC_MARKET_DATA_ONLY_NOT_EDGE_PROOF
2026-06-25T19:15:57+00:00,XRPUSDT,5m,2026-06-25T19:15:00+00:00,1.0297,1.0301,1.0292,1.0299,14282.2,2026-06-25T19:19:59+00:00,14706.30495,402,https://data-api.binance.vision,OK_KLINES_XRPUSDT_5m_5,True,CANDLE_HARVEST_PUBLIC_MARKET_DATA_ONLY_NOT_EDGE_PROOF
2026-06-25T19:21:10+00:00,XRPUSDT,5m,2026-06-25T19:20:00+00:00,1.0292,1.0305,1.0292,1.0297,36681.6,2026-06-25T19:24:59+00:00,37771.97416,553,https://data-api.binance.vision,OK_KLINES_XRPUSDT_5m_5,True,CANDLE_HARVEST_PUBLIC_MARKET_DATA_ONLY_NOT_EDGE_PROOF
2026-06-25T19:25:06+00:00,XRPUSDT,5m,2026-06-25T19:25:00+00:00,1.0302,1.0303,1.03,1.03,75543.8,2026-06-25T19:29:59+00:00,77825.044,58,https://data-api.binance.vision,OK_KLINES_XRPUSDT_5m_5,True,CANDLE_HARVEST_PUBLIC_MARKET_DATA_ONLY_NOT_EDGE_PROOF
2026-06-25T19:30:26+00:00,XRPUSDT,5m,2026-06-25T19:30:00+00:00,1.031,1.0318,1.0307,1.0315,22401.8,2026-06-25T19:34:59+00:00,23100.63512,446,https://data-api.binance.vision,OK_KLINES_XRPUSDT_5m_5,True,CANDLE_HARVEST_PUBLIC_MARKET_DATA_ONLY_NOT_EDGE_PROOF
2026-06-25T19:35:42+00:00,XRPUSDT,5m,2026-06-25T19:35:00+00:00,1.0333,1.0333,1.0325,1.0327,9997.1,2026-06-25T19:39:59+00:00,10325.92718,257,https://data-api.binance.vision,OK_KLINES_XRPUSDT_5m_5,True,CANDLE_HARVEST_PUBLIC_MARKET_DATA_ONLY_NOT_EDGE_PROOF
2026-06-25T19:40:54+00:00,XRPUSDT,5m,2026-06-25T19:40:00+00:00,1.0334,1.0341,1.0334,1.0339,30275.9,2026-06-25T19:44:59+00:00,31298.21557,475,https://data-api.binance.vision,OK_KLINES_XRPUSDT_5m_5,True,CANDLE_HARVEST_PUBLIC_MARKET_DATA_ONLY_NOT_EDGE_PROOF
2026-06-25T19:46:11+00:00,XRPUSDT,5m,2026-06-25T19:45:00+00:00,1.0332,1.0332,1.0326,1.0327,18634.1,2026-06-25T19:49:59+00:00,19244.21135,341,https://data-api.binance.vision,OK_KLINES_XRPUSDT_5m_5,True,CANDLE_HARVEST_PUBLIC_MARKET_DATA_ONLY_NOT_EDGE_PROOF
2026-06-25T19:50:04+00:00,XRPUSDT,5m,2026-06-25T19:50:00+00:00,1.0318,1.0331,1.0317,1.032,154678.2,2026-06-25T19:54:59+00:00,159659.62079,684,https://data-api.binance.vision,OK_KLINES_XRPUSDT_5m_5,True,CANDLE_HARVEST_PUBLIC_MARKET_DATA_ONLY_NOT_EDGE_PROOF
2026-06-25T19:55:17+00:00,XRPUSDT,5m,2026-06-25T19:55:00+00:00,1.0337,1.0346,1.0336,1.0345,10920.5,2026-06-25T19:59:59+00:00,11293.61819,333,https://data-api.binance.vision,OK_KLINES_XRPUSDT_5m_5,True,CANDLE_HARVEST_PUBLIC_MARKET_DATA_ONLY_NOT_EDGE_PROOF
2026-06-25T20:00:28+00:00,XRPUSDT,5m,2026-06-25T20:00:00+00:00,1.0344,1.036,1.0344,1.036,114992.2,2026-06-25T20:04:59+00:00,118991.24382,814,https://data-api.binance.vision,OK_KLINES_XRPUSDT_5m_5,True,CANDLE_HARVEST_PUBLIC_MARKET_DATA_ONLY_NOT_EDGE_PROOF
2026-06-25T20:05:41+00:00,XRPUSDT,5m,2026-06-25T20:05:00+00:00,1.039,1.0393,1.0378,1.0379,8970.2,2026-06-25T20:09:59+00:00,9313.15442,401,https://data-api.binance.vision,OK_KLINES_XRPUSDT_5m_5,True,CANDLE_HARVEST_PUBLIC_MARKET_DATA_ONLY_NOT_EDGE_PROOF
2026-06-25T20:10:57+00:00,XRPUSDT,5m,2026-06-25T20:10:00+00:00,1.0375,1.0377,1.037,1.0377,16498.3,2026-06-25T20:14:59+00:00,17114.47937,319,https://data-api.binance.vision,OK_KLINES_XRPUSDT_5m_5,True,CANDLE_HARVEST_PUBLIC_MARKET_DATA_ONLY_NOT_EDGE_PROOF
2026-06-25T20:16:12+00:00,XRPUSDT,5m,2026-06-25T20:15:00+00:00,1.0362,1.0374,1.0361,1.0374,24668.7,2026-06-25T20:19:59+00:00,25575.40952,471,https://data-api.binance.vision,OK_KLINES_XRPUSDT_5m_5,True,CANDLE_HARVEST_PUBLIC_MARKET_DATA_ONLY_NOT_EDGE_PROOF
2026-06-25T20:20:13+00:00,XRPUSDT,5m,2026-06-25T20:20:00+00:00,1.038,1.038,1.0375,1.0377,8764.1,2026-06-25T20:24:59+00:00,9093.81168,104,https://data-api.binance.vision,OK_KLINES_XRPUSDT_5m_5,True,CANDLE_HARVEST_PUBLIC_MARKET_DATA_ONLY_NOT_EDGE_PROOF
2026-06-25T20:25:27+00:00,XRPUSDT,5m,2026-06-25T20:25:00+00:00,1.0388,1.0396,1.0388,1.0391,76818.1,2026-06-25T20:29:59+00:00,79840.07981,297,https://data-api.binance.vision,OK_KLINES_XRPUSDT_5m_5,True,CANDLE_HARVEST_PUBLIC_MARKET_DATA_ONLY_NOT_EDGE_PROOF
2026-06-25T20:30:48+00:00,XRPUSDT,5m,2026-06-25T20:30:00+00:00,1.0388,1.0391,1.0377,1.0377,65474.9,2026-06-25T20:34:59+00:00,68002.95515,369,https://data-api.binance.vision,OK_KLINES_XRPUSDT_5m_5,True,CANDLE_HARVEST_PUBLIC_MARKET_DATA_ONLY_NOT_EDGE_PROOF
2026-06-25T20:36:00+00:00,XRPUSDT,5m,2026-06-25T20:35:00+00:00,1.0356,1.0364,1.0356,1.0361,37030.0,2026-06-25T20:39:59+00:00,38362.80725,466,https://data-api.binance.vision,OK_KLINES_XRPUSDT_5m_5,True,CANDLE_HARVEST_PUBLIC_MARKET_DATA_ONLY_NOT_EDGE_PROOF
2026-06-25T20:41:12+00:00,XRPUSDT,5m,2026-06-25T20:40:00+00:00,1.0338,1.034,1.0335,1.0337,53604.4,2026-06-25T20:44:59+00:00,55414.27734,399,https://data-api.binance.vision,OK_KLINES_XRPUSDT_5m_5,True,CANDLE_HARVEST_PUBLIC_MARKET_DATA_ONLY_NOT_EDGE_PROOF
2026-06-25T20:45:10+00:00,XRPUSDT,5m,2026-06-25T20:45:00+00:00,1.0334,1.0335,1.0333,1.0335,2446.5,2026-06-25T20:49:59+00:00,2528.22141,64,https://data-api.binance.vision,OK_KLINES_XRPUSDT_5m_5,True,CANDLE_HARVEST_PUBLIC_MARKET_DATA_ONLY_NOT_EDGE_PROOF
2026-06-25T20:50:23+00:00,XRPUSDT,5m,2026-06-25T20:50:00+00:00,1.0326,1.0326,1.0315,1.0316,42395.7,2026-06-25T20:54:59+00:00,43748.4453,282,https://data-api.binance.vision,OK_KLINES_XRPUSDT_5m_5,True,CANDLE_HARVEST_PUBLIC_MARKET_DATA_ONLY_NOT_EDGE_PROOF
2026-06-25T20:55:41+00:00,XRPUSDT,5m,2026-06-25T20:55:00+00:00,1.032,1.032,1.0315,1.0319,13382.1,2026-06-25T20:59:59+00:00,13806.03697,198,https://data-api.binance.vision,OK_KLINES_XRPUSDT_5m_5,True,CANDLE_HARVEST_PUBLIC_MARKET_DATA_ONLY_NOT_EDGE_PROOF
2026-06-25T21:00:54+00:00,XRPUSDT,5m,2026-06-25T21:00:00+00:00,1.0334,1.0335,1.0332,1.0333,34965.4,2026-06-25T21:04:59+00:00,36132.65378,205,https://data-api.binance.vision,OK_KLINES_XRPUSDT_5m_5,True,CANDLE_HARVEST_PUBLIC_MARKET_DATA_ONLY_NOT_EDGE_PROOF
2026-06-25T21:06:09+00:00,XRPUSDT,5m,2026-06-25T21:05:00+00:00,1.0339,1.0351,1.0337,1.0337,41335.3,2026-06-25T21:09:59+00:00,42764.13549,807,https://data-api.binance.vision,OK_KLINES_XRPUSDT_5m_5,True,CANDLE_HARVEST_PUBLIC_MARKET_DATA_ONLY_NOT_EDGE_PROOF
2026-06-25T21:10:06+00:00,XRPUSDT,5m,2026-06-25T21:10:00+00:00,1.0349,1.0351,1.0349,1.0351,7296.1,2026-06-25T21:14:59+00:00,7552.17058,38,https://data-api.binance.vision,OK_KLINES_XRPUSDT_5m_5,True,CANDLE_HARVEST_PUBLIC_MARKET_DATA_ONLY_NOT_EDGE_PROOF
2026-06-25T21:15:20+00:00,XRPUSDT,5m,2026-06-25T21:15:00+00:00,1.0345,1.035,1.0345,1.035,28544.9,2026-06-25T21:19:59+00:00,29535.43932,129,https://data-api.binance.vision,OK_KLINES_XRPUSDT_5m_5,True,CANDLE_HARVEST_PUBLIC_MARKET_DATA_ONLY_NOT_EDGE_PROOF
2026-06-25T21:20:34+00:00,XRPUSDT,5m,2026-06-25T21:20:00+00:00,1.0337,1.034,1.0337,1.0339,13585.6,2026-06-25T21:24:59+00:00,14044.91376,68,https://data-api.binance.vision,OK_KLINES_XRPUSDT_5m_5,True,CANDLE_HARVEST_PUBLIC_MARKET_DATA_ONLY_NOT_EDGE_PROOF
2026-06-25T21:25:48+00:00,XRPUSDT,5m,2026-06-25T21:25:00+00:00,1.0345,1.0356,1.0339,1.0352,20415.5,2026-06-25T21:29:59+00:00,21121.44398,454,https://data-api.binance.vision,OK_KLINES_XRPUSDT_5m_5,True,CANDLE_HARVEST_PUBLIC_MARKET_DATA_ONLY_NOT_EDGE_PROOF
2026-06-25T21:30:59+00:00,XRPUSDT,5m,2026-06-25T21:30:00+00:00,1.0358,1.0362,1.0355,1.0359,13486.5,2026-06-25T21:34:59+00:00,13970.49803,174,https://data-api.binance.vision,OK_KLINES_XRPUSDT_5m_5,True,CANDLE_HARVEST_PUBLIC_MARKET_DATA_ONLY_NOT_EDGE_PROOF
2026-06-25T21:36:10+00:00,XRPUSDT,5m,2026-06-25T21:35:00+00:00,1.0403,1.0427,1.0399,1.0417,328438.2,2026-06-25T21:39:59+00:00,342034.98889,994,https://data-api.binance.vision,OK_KLINES_XRPUSDT_5m_5,True,CANDLE_HARVEST_PUBLIC_MARKET_DATA_ONLY_NOT_EDGE_PROOF
2026-06-25T21:40:08+00:00,XRPUSDT,5m,2026-06-25T21:40:00+00:00,1.0403,1.0403,1.04,1.0401,6999.2,2026-06-25T21:44:59+00:00,7279.69612,98,https://data-api.binance.vision,OK_KLINES_XRPUSDT_5m_5,True,CANDLE_HARVEST_PUBLIC_MARKET_DATA_ONLY_NOT_EDGE_PROOF
2026-06-25T21:45:21+00:00,XRPUSDT,5m,2026-06-25T21:45:00+00:00,1.0399,1.04,1.0395,1.04,15710.3,2026-06-25T21:49:59+00:00,16336.11997,230,https://data-api.binance.vision,OK_KLINES_XRPUSDT_5m_5,True,CANDLE_HARVEST_PUBLIC_MARKET_DATA_ONLY_NOT_EDGE_PROOF
2026-06-25T21:50:39+00:00,XRPUSDT,5m,2026-06-25T21:50:00+00:00,1.0397,1.0407,1.0397,1.0407,10195.5,2026-06-25T21:54:59+00:00,10603.32282,208,https://data-api.binance.vision,OK_KLINES_XRPUSDT_5m_5,True,CANDLE_HARVEST_PUBLIC_MARKET_DATA_ONLY_NOT_EDGE_PROOF
2026-06-25T21:55:52+00:00,XRPUSDT,5m,2026-06-25T21:55:00+00:00,1.0408,1.0409,1.0406,1.0409,4664.1,2026-06-25T21:59:59+00:00,4854.26922,110,https://data-api.binance.vision,OK_KLINES_XRPUSDT_5m_5,True,CANDLE_HARVEST_PUBLIC_MARKET_DATA_ONLY_NOT_EDGE_PROOF
2026-06-25T22:01:08+00:00,XRPUSDT,5m,2026-06-25T22:00:00+00:00,1.0437,1.0437,1.0424,1.0429,105356.8,2026-06-25T22:04:59+00:00,109887.43972,893,https://data-api.binance.vision,OK_KLINES_XRPUSDT_5m_5,True,CANDLE_HARVEST_PUBLIC_MARKET_DATA_ONLY_NOT_EDGE_PROOF
2026-06-25T22:05:03+00:00,XRPUSDT,5m,2026-06-25T22:05:00+00:00,1.0434,1.0434,1.0433,1.0434,111.5,2026-06-25T22:09:59+00:00,116.3296,4,https://data-api.binance.vision,OK_KLINES_XRPUSDT_5m_5,True,CANDLE_HARVEST_PUBLIC_MARKET_DATA_ONLY_NOT_EDGE_PROOF
2026-06-25T22:10:17+00:00,XRPUSDT,5m,2026-06-25T22:10:00+00:00,1.0417,1.0417,1.041,1.041,14626.0,2026-06-25T22:14:59+00:00,15231.08356,166,https://data-api.binance.vision,OK_KLINES_XRPUSDT_5m_5,True,CANDLE_HARVEST_PUBLIC_MARKET_DATA_ONLY_NOT_EDGE_PROOF
2026-06-25T22:15:31+00:00,XRPUSDT,5m,2026-06-25T22:15:00+00:00,1.0406,1.0409,1.0406,1.0407,5226.9,2026-06-25T22:19:59+00:00,5439.84768,75,https://data-api.binance.vision,OK_KLINES_XRPUSDT_5m_5,True,CANDLE_HARVEST_PUBLIC_MARKET_DATA_ONLY_NOT_EDGE_PROOF
2026-06-25T22:20:44+00:00,XRPUSDT,5m,2026-06-25T22:20:00+00:00,1.0403,1.0403,1.0391,1.0391,18537.9,2026-06-25T22:24:59+00:00,19270.60847,278,https://data-api.binance.vision,OK_KLINES_XRPUSDT_5m_5,True,CANDLE_HARVEST_PUBLIC_MARKET_DATA_ONLY_NOT_EDGE_PROOF
2026-06-25T22:25:59+00:00,XRPUSDT,5m,2026-06-25T22:25:00+00:00,1.0399,1.0401,1.0392,1.0392,27257.1,2026-06-25T22:29:59+00:00,28335.16023,247,https://data-api.binance.vision,OK_KLINES_XRPUSDT_5m_5,True,CANDLE_HARVEST_PUBLIC_MARKET_DATA_ONLY_NOT_EDGE_PROOF
2026-06-25T22:31:12+00:00,XRPUSDT,5m,2026-06-25T22:30:00+00:00,1.0393,1.04,1.039,1.0399,66462.0,2026-06-25T22:34:59+00:00,69091.45619,365,https://data-api.binance.vision,OK_KLINES_XRPUSDT_5m_5,True,CANDLE_HARVEST_PUBLIC_MARKET_DATA_ONLY_NOT_EDGE_PROOF
2026-06-25T22:35:09+00:00,XRPUSDT,5m,2026-06-25T22:35:00+00:00,1.0409,1.0409,1.0408,1.0408,693.5,2026-06-25T22:39:59+00:00,721.80413,14,https://data-api.binance.vision,OK_KLINES_XRPUSDT_5m_5,True,CANDLE_HARVEST_PUBLIC_MARKET_DATA_ONLY_NOT_EDGE_PROOF
2026-06-25T22:40:26+00:00,XRPUSDT,5m,2026-06-25T22:40:00+00:00,1.0408,1.041,1.0407,1.041,7325.5,2026-06-25T22:44:59+00:00,7624.23832,72,https://data-api.binance.vision,OK_KLINES_XRPUSDT_5m_5,True,CANDLE_HARVEST_PUBLIC_MARKET_DATA_ONLY_NOT_EDGE_PROOF
2026-06-25T22:45:49+00:00,XRPUSDT,5m,2026-06-25T22:45:00+00:00,1.041,1.0417,1.041,1.0416,21418.4,2026-06-25T22:49:59+00:00,22305.49785,177,https://data-api.binance.vision,OK_KLINES_XRPUSDT_5m_5,True,CANDLE_HARVEST_PUBLIC_MARKET_DATA_ONLY_NOT_EDGE_PROOF
2026-06-25T22:51:02+00:00,XRPUSDT,5m,2026-06-25T22:50:00+00:00,1.0403,1.041,1.0403,1.0409,67294.2,2026-06-25T22:54:59+00:00,70038.47632,187,https://data-api.binance.vision,OK_KLINES_XRPUSDT_5m_5,True,CANDLE_HARVEST_PUBLIC_MARKET_DATA_ONLY_NOT_EDGE_PROOF
2026-06-25T22:56:14+00:00,XRPUSDT,5m,2026-06-25T22:55:00+00:00,1.0417,1.0418,1.0409,1.0411,38050.2,2026-06-25T22:59:59+00:00,39627.69608,285,https://data-api.binance.vision,OK_KLINES_XRPUSDT_5m_5,True,CANDLE_HARVEST_PUBLIC_MARKET_DATA_ONLY_NOT_EDGE_PROOF
2026-06-25T23:00:10+00:00,XRPUSDT,5m,2026-06-25T23:00:00+00:00,1.041,1.0416,1.0409,1.0412,53009.7,2026-06-25T23:04:59+00:00,55203.23226,198,https://data-api.binance.vision,OK_KLINES_XRPUSDT_5m_5,True,CANDLE_HARVEST_PUBLIC_MARKET_DATA_ONLY_NOT_EDGE_PROOF
2026-06-25T23:05:24+00:00,XRPUSDT,5m,2026-06-25T23:05:00+00:00,1.0402,1.0402,1.04,1.04,5166.3,2026-06-25T23:09:59+00:00,5373.69322,31,https://data-api.binance.vision,OK_KLINES_XRPUSDT_5m_5,True,CANDLE_HARVEST_PUBLIC_MARKET_DATA_ONLY_NOT_EDGE_PROOF
2026-06-25T23:10:37+00:00,XRPUSDT,5m,2026-06-25T23:10:00+00:00,1.0377,1.0382,1.0373,1.0382,45322.2,2026-06-25T23:14:59+00:00,47027.1297,311,https://data-api.binance.vision,OK_KLINES_XRPUSDT_5m_5,True,CANDLE_HARVEST_PUBLIC_MARKET_DATA_ONLY_NOT_EDGE_PROOF
2026-06-25T23:16:00+00:00,XRPUSDT,5m,2026-06-25T23:15:00+00:00,1.0403,1.0407,1.04,1.0406,22791.2,2026-06-25T23:19:59+00:00,23707.93573,237,https://data-api.binance.vision,OK_KLINES_XRPUSDT_5m_5,True,CANDLE_HARVEST_PUBLIC_MARKET_DATA_ONLY_NOT_EDGE_PROOF
2026-06-25T23:21:11+00:00,XRPUSDT,5m,2026-06-25T23:20:00+00:00,1.0444,1.0447,1.044,1.0445,96062.6,2026-06-25T23:24:59+00:00,100328.29757,492,https://data-api.binance.vision,OK_KLINES_XRPUSDT_5m_5,True,CANDLE_HARVEST_PUBLIC_MARKET_DATA_ONLY_NOT_EDGE_PROOF
2026-06-25T23:25:07+00:00,XRPUSDT,5m,2026-06-25T23:25:00+00:00,1.0461,1.0461,1.0459,1.0461,4194.5,2026-06-25T23:29:59+00:00,4387.51564,61,https://data-api.binance.vision,OK_KLINES_XRPUSDT_5m_5,True,CANDLE_HARVEST_PUBLIC_MARKET_DATA_ONLY_NOT_EDGE_PROOF
2026-06-25T23:30:24+00:00,XRPUSDT,5m,2026-06-25T23:30:00+00:00,1.0468,1.0474,1.0463,1.0474,41440.6,2026-06-25T23:34:59+00:00,43373.47621,406,https://data-api.binance.vision,OK_KLINES_XRPUSDT_5m_5,True,CANDLE_HARVEST_PUBLIC_MARKET_DATA_ONLY_NOT_EDGE_PROOF
2026-06-25T23:35:40+00:00,XRPUSDT,5m,2026-06-25T23:35:00+00:00,1.048,1.0486,1.048,1.0484,27426.9,2026-06-25T23:39:59+00:00,28753.92956,94,https://data-api.binance.vision,OK_KLINES_XRPUSDT_5m_5,True,CANDLE_HARVEST_PUBLIC_MARKET_DATA_ONLY_NOT_EDGE_PROOF
2026-06-25T23:40:57+00:00,XRPUSDT,5m,2026-06-25T23:40:00+00:00,1.046,1.046,1.0456,1.0456,17157.0,2026-06-25T23:44:59+00:00,17942.34256,157,https://data-api.binance.vision,OK_KLINES_XRPUSDT_5m_5,True,CANDLE_HARVEST_PUBLIC_MARKET_DATA_ONLY_NOT_EDGE_PROOF
2026-06-25T23:46:10+00:00,XRPUSDT,5m,2026-06-25T23:45:00+00:00,1.0456,1.0456,1.0444,1.0448,34051.1,2026-06-25T23:49:59+00:00,35577.09372,434,https://data-api.binance.vision,OK_KLINES_XRPUSDT_5m_5,True,CANDLE_HARVEST_PUBLIC_MARKET_DATA_ONLY_NOT_EDGE_PROOF
2026-06-25T23:50:06+00:00,XRPUSDT,5m,2026-06-25T23:50:00+00:00,1.0438,1.0438,1.0436,1.0436,3063.3,2026-06-25T23:54:59+00:00,3197.09579,59,https://data-api.binance.vision,OK_KLINES_XRPUSDT_5m_5,True,CANDLE_HARVEST_PUBLIC_MARKET_DATA_ONLY_NOT_EDGE_PROOF
2026-06-25T23:55:24+00:00,XRPUSDT,5m,2026-06-25T23:55:00+00:00,1.0439,1.0439,1.0438,1.0438,44439.9,2026-06-25T23:59:59+00:00,46386.54221,44,https://data-api.binance.vision,OK_KLINES_XRPUSDT_5m_5,True,CANDLE_HARVEST_PUBLIC_MARKET_DATA_ONLY_NOT_EDGE_PROOF
2026-06-26T00:00:41+00:00,XRPUSDT,5m,2026-06-26T00:00:00+00:00,1.0436,1.0449,1.0436,1.0449,15831.8,2026-06-26T00:04:59+00:00,16531.40607,490,https://data-api.binance.vision,OK_KLINES_XRPUSDT_5m_5,True,CANDLE_HARVEST_PUBLIC_MARKET_DATA_ONLY_NOT_EDGE_PROOF
2026-06-26T00:05:59+00:00,XRPUSDT,5m,2026-06-26T00:05:00+00:00,1.0448,1.0455,1.0442,1.0455,21795.1,2026-06-26T00:09:59+00:00,22771.01523,393,https://data-api.binance.vision,OK_KLINES_XRPUSDT_5m_5,True,CANDLE_HARVEST_PUBLIC_MARKET_DATA_ONLY_NOT_EDGE_PROOF
2026-06-26T00:11:18+00:00,XRPUSDT,5m,2026-06-26T00:10:00+00:00,1.0449,1.0456,1.0449,1.0455,71888.2,2026-06-26T00:14:59+00:00,75141.12528,542,https://data-api.binance.vision,OK_KLINES_XRPUSDT_5m_5,True,CANDLE_HARVEST_PUBLIC_MARKET_DATA_ONLY_NOT_EDGE_PROOF
2026-06-26T00:15:14+00:00,XRPUSDT,5m,2026-06-26T00:15:00+00:00,1.0452,1.0452,1.0447,1.0447,20951.8,2026-06-26T00:19:59+00:00,21893.98422,114,https://data-api.binance.vision,OK_KLINES_XRPUSDT_5m_5,True,CANDLE_HARVEST_PUBLIC_MARKET_DATA_ONLY_NOT_EDGE_PROOF
2026-06-26T00:20:31+00:00,XRPUSDT,5m,2026-06-26T00:20:00+00:00,1.0448,1.045,1.0445,1.045,9282.8,2026-06-26T00:24:59+00:00,9698.31249,176,https://data-api.binance.vision,OK_KLINES_XRPUSDT_5m_5,True,CANDLE_HARVEST_PUBLIC_MARKET_DATA_ONLY_NOT_EDGE_PROOF
2026-06-26T00:26:01+00:00,XRPUSDT,5m,2026-06-26T00:25:00+00:00,1.044,1.044,1.0434,1.0437,14674.3,2026-06-26T00:29:59+00:00,15314.58484,197,https://data-api.binance.vision,OK_KLINES_XRPUSDT_5m_5,True,CANDLE_HARVEST_PUBLIC_MARKET_DATA_ONLY_NOT_EDGE_PROOF
2026-06-26T00:31:18+00:00,XRPUSDT,5m,2026-06-26T00:30:00+00:00,1.0434,1.0436,1.0426,1.043,46628.3,2026-06-26T00:34:59+00:00,48637.90511,632,https://data-api.binance.vision,OK_KLINES_XRPUSDT_5m_5,True,CANDLE_HARVEST_PUBLIC_MARKET_DATA_ONLY_NOT_EDGE_PROOF
2026-06-26T00:35:19+00:00,XRPUSDT,5m,2026-06-26T00:35:00+00:00,1.0431,1.0434,1.043,1.0433,36693.8,2026-06-26T00:39:59+00:00,38279.37797,177,https://data-api.binance.vision,OK_KLINES_XRPUSDT_5m_5,True,CANDLE_HARVEST_PUBLIC_MARKET_DATA_ONLY_NOT_EDGE_PROOF
2026-06-26T00:40:33+00:00,XRPUSDT,5m,2026-06-26T00:40:00+00:00,1.0428,1.0442,1.0428,1.0441,43854.2,2026-06-26T00:44:59+00:00,45759.45518,362,https://data-api.binance.vision,OK_KLINES_XRPUSDT_5m_5,True,CANDLE_HARVEST_PUBLIC_MARKET_DATA_ONLY_NOT_EDGE_PROOF
2026-06-26T00:40:35+00:00,XRPUSDT,5m,2026-06-26T00:40:00+00:00,1.0428,1.0442,1.0428,1.0441,43854.2,2026-06-26T00:44:59+00:00,45759.45518,362,https://data-api.binance.vision,OK_KLINES_XRPUSDT_5m_5,True,CANDLE_HARVEST_PUBLIC_MARKET_DATA_ONLY_NOT_EDGE_PROOF
2026-06-26T00:45:48+00:00,XRPUSDT,5m,2026-06-26T00:45:00+00:00,1.0434,1.0436,1.043,1.0436,20173.6,2026-06-26T00:49:59+00:00,21045.67953,267,https://data-api.binance.vision,OK_KLINES_XRPUSDT_5m_5,True,CANDLE_HARVEST_PUBLIC_MARKET_DATA_ONLY_NOT_EDGE_PROOF
2026-06-26T00:51:01+00:00,XRPUSDT,5m,2026-06-26T00:50:00+00:00,1.0428,1.0428,1.0415,1.0417,90572.3,2026-06-26T00:54:59+00:00,94363.92477,372,https://data-api.binance.vision,OK_KLINES_XRPUSDT_5m_5,True,CANDLE_HARVEST_PUBLIC_MARKET_DATA_ONLY_NOT_EDGE_PROOF
2026-06-26T00:56:10+00:00,XRPUSDT,5m,2026-06-26T00:55:00+00:00,1.0408,1.0421,1.0408,1.042,98143.6,2026-06-26T00:59:59+00:00,102203.19319,645,https://data-api.binance.vision,OK_KLINES_XRPUSDT_5m_5,True,CANDLE_HARVEST_PUBLIC_MARKET_DATA_ONLY_NOT_EDGE_PROOF
2026-06-26T01:00:06+00:00,XRPUSDT,5m,2026-06-26T01:00:00+00:00,1.0411,1.0413,1.0411,1.0413,2410.7,2026-06-26T01:04:59+00:00,2510.00713,58,https://data-api.binance.vision,OK_KLINES_XRPUSDT_5m_5,True,CANDLE_HARVEST_PUBLIC_MARKET_DATA_ONLY_NOT_EDGE_PROOF
2026-06-26T01:05:15+00:00,XRPUSDT,5m,2026-06-26T01:05:00+00:00,1.0401,1.0402,1.0399,1.0399,5329.0,2026-06-26T01:09:59+00:00,5542.53587,125,https://data-api.binance.vision,OK_KLINES_XRPUSDT_5m_5,True,CANDLE_HARVEST_PUBLIC_MARKET_DATA_ONLY_NOT_EDGE_PROOF
2026-06-26T01:10:25+00:00,XRPUSDT,5m,2026-06-26T01:10:00+00:00,1.038,1.0385,1.038,1.0382,31496.1,2026-06-26T01:14:59+00:00,32701.83263,155,https://data-api.binance.vision,OK_KLINES_XRPUSDT_5m_5,True,CANDLE_HARVEST_PUBLIC_MARKET_DATA_ONLY_NOT_EDGE_PROOF
2026-06-26T01:15:38+00:00,XRPUSDT,5m,2026-06-26T01:15:00+00:00,1.0382,1.0384,1.0379,1.0382,30137.6,2026-06-26T01:19:59+00:00,31284.46367,233,https://data-api.binance.vision,OK_KLINES_XRPUSDT_5m_5,True,CANDLE_HARVEST_PUBLIC_MARKET_DATA_ONLY_NOT_EDGE_PROOF
2026-06-26T01:15:39+00:00,XRPUSDT,5m,2026-06-26T01:15:00+00:00,1.0382,1.0384,1.0379,1.0384,30835.5,2026-06-26T01:19:59+00:00,32009.1549,264,https://data-api.binance.vision,OK_KLINES_XRPUSDT_5m_5,True,CANDLE_HARVEST_PUBLIC_MARKET_DATA_ONLY_NOT_EDGE_PROOF
2026-06-26T01:20:48+00:00,XRPUSDT,5m,2026-06-26T01:20:00+00:00,1.037,1.0372,1.0368,1.0368,20752.4,2026-06-26T01:24:59+00:00,21521.82998,184,https://data-api.binance.vision,OK_KLINES_XRPUSDT_5m_5,True,CANDLE_HARVEST_PUBLIC_MARKET_DATA_ONLY_NOT_EDGE_PROOF
2026-06-26T01:26:16+00:00,XRPUSDT,5m,2026-06-26T01:25:00+00:00,1.0344,1.0347,1.0334,1.0335,36298.5,2026-06-26T01:29:59+00:00,37523.35577,503,https://data-api.binance.vision,OK_KLINES_XRPUSDT_5m_5,True,CANDLE_HARVEST_PUBLIC_MARKET_DATA_ONLY_NOT_EDGE_PROOF
2026-06-26T01:30:12+00:00,XRPUSDT,5m,2026-06-26T01:30:00+00:00,1.0309,1.0314,1.0308,1.0308,22219.8,2026-06-26T01:34:59+00:00,22913.26573,269,https://data-api.binance.vision,OK_KLINES_XRPUSDT_5m_5,True,CANDLE_HARVEST_PUBLIC_MARKET_DATA_ONLY_NOT_EDGE_PROOF
2026-06-26T01:35:48+00:00,XRPUSDT,5m,2026-06-26T01:35:00+00:00,1.0299,1.0303,1.0297,1.0297,45042.8,2026-06-26T01:39:59+00:00,46387.65659,341,https://data-api.binance.vision,OK_KLINES_XRPUSDT_5m_5,True,CANDLE_HARVEST_PUBLIC_MARKET_DATA_ONLY_NOT_EDGE_PROOF
2026-06-26T01:41:04+00:00,XRPUSDT,5m,2026-06-26T01:40:00+00:00,1.0316,1.0319,1.0312,1.0316,88319.7,2026-06-26T01:44:59+00:00,91109.40463,429,https://data-api.binance.vision,OK_KLINES_XRPUSDT_5m_5,True,CANDLE_HARVEST_PUBLIC_MARKET_DATA_ONLY_NOT_EDGE_PROOF
2026-06-26T01:45:06+00:00,XRPUSDT,5m,2026-06-26T01:45:00+00:00,1.0313,1.0313,1.0312,1.0312,1555.0,2026-06-26T01:49:59+00:00,1603.65253,41,https://data-api.binance.vision,OK_KLINES_XRPUSDT_5m_5,True,CANDLE_HARVEST_PUBLIC_MARKET_DATA_ONLY_NOT_EDGE_PROOF
2026-06-26T01:50:26+00:00,XRPUSDT,5m,2026-06-26T01:50:00+00:00,1.0328,1.0333,1.0328,1.033,5936.8,2026-06-26T01:54:59+00:00,6132.86282,217,https://data-api.binance.vision,OK_KLINES_XRPUSDT_5m_5,True,CANDLE_HARVEST_PUBLIC_MARKET_DATA_ONLY_NOT_EDGE_PROOF
2026-06-26T01:55:38+00:00,XRPUSDT,5m,2026-06-26T01:55:00+00:00,1.0321,1.0328,1.032,1.0328,24793.1,2026-06-26T01:59:59+00:00,25590.61786,194,https://data-api.binance.vision,OK_KLINES_XRPUSDT_5m_5,True,CANDLE_HARVEST_PUBLIC_MARKET_DATA_ONLY_NOT_EDGE_PROOF
2026-06-26T02:00:11+00:00,XRPUSDT,5m,2026-06-26T02:00:00+00:00,1.0321,1.0325,1.0321,1.0323,8233.7,2026-06-26T02:04:59+00:00,8499.21224,134,https://data-api.binance.vision,OK_KLINES_XRPUSDT_5m_5,True,CANDLE_HARVEST_PUBLIC_MARKET_DATA_ONLY_NOT_EDGE_PROOF
2026-06-26T02:05:53+00:00,XRPUSDT,5m,2026-06-26T02:05:00+00:00,1.0301,1.0306,1.03,1.03,63564.9,2026-06-26T02:09:59+00:00,65492.11411,206,https://data-api.binance.vision,OK_KLINES_XRPUSDT_5m_5,True,CANDLE_HARVEST_PUBLIC_MARKET_DATA_ONLY_NOT_EDGE_PROOF
2026-06-26T02:11:03+00:00,XRPUSDT,5m,2026-06-26T02:10:00+00:00,1.0271,1.0279,1.0268,1.0272,219279.6,2026-06-26T02:14:59+00:00,225245.03226,737,https://data-api.binance.vision,OK_KLINES_XRPUSDT_5m_5,True,CANDLE_HARVEST_PUBLIC_MARKET_DATA_ONLY_NOT_EDGE_PROOF
2026-06-26T02:16:15+00:00,XRPUSDT,5m,2026-06-26T02:15:00+00:00,1.0176,1.0217,1.0175,1.0178,609950.3,2026-06-26T02:19:59+00:00,622300.89387,3255,https://data-api.binance.vision,OK_KLINES_XRPUSDT_5m_5,True,CANDLE_HARVEST_PUBLIC_MARKET_DATA_ONLY_NOT_EDGE_PROOF
2026-06-26T02:20:09+00:00,XRPUSDT,5m,2026-06-26T02:20:00+00:00,1.0165,1.0175,1.0163,1.0174,30473.4,2026-06-26T02:24:59+00:00,30988.49404,273,https://data-api.binance.vision,OK_KLINES_XRPUSDT_5m_5,True,CANDLE_HARVEST_PUBLIC_MARKET_DATA_ONLY_NOT_EDGE_PROOF
2026-06-26T02:25:21+00:00,XRPUSDT,5m,2026-06-26T02:25:00+00:00,1.0127,1.0142,1.0122,1.014,199369.8,2026-06-26T02:29:59+00:00,202046.70186,917,https://data-api.binance.vision,OK_KLINES_XRPUSDT_5m_5,True,CANDLE_HARVEST_PUBLIC_MARKET_DATA_ONLY_NOT_EDGE_PROOF
2026-06-26T02:30:32+00:00,XRPUSDT,5m,2026-06-26T02:30:00+00:00,1.0215,1.0226,1.0207,1.0226,107119.1,2026-06-26T02:34:59+00:00,109480.14293,1242,https://data-api.binance.vision,OK_KLINES_XRPUSDT_5m_5,True,CANDLE_HARVEST_PUBLIC_MARKET_DATA_ONLY_NOT_EDGE_PROOF
2026-06-26T02:35:45+00:00,XRPUSDT,5m,2026-06-26T02:35:00+00:00,1.0222,1.0234,1.022,1.0221,215690.8,2026-06-26T02:39:59+00:00,220598.10916,1848,https://data-api.binance.vision,OK_KLINES_XRPUSDT_5m_5,True,CANDLE_HARVEST_PUBLIC_MARKET_DATA_ONLY_NOT_EDGE_PROOF
2026-06-26T02:40:54+00:00,XRPUSDT,5m,2026-06-26T02:40:00+00:00,1.018,1.0189,1.017,1.0189,300176.2,2026-06-26T02:44:59+00:00,305555.55676,1359,https://data-api.binance.vision,OK_KLINES_XRPUSDT_5m_5,True,CANDLE_HARVEST_PUBLIC_MARKET_DATA_ONLY_NOT_EDGE_PROOF
2026-06-26T02:46:04+00:00,XRPUSDT,5m,2026-06-26T02:45:00+00:00,1.0189,1.019,1.018,1.0186,164243.0,2026-06-26T02:49:59+00:00,167279.43774,932,https://data-api.binance.vision,OK_KLINES_XRPUSDT_5m_5,True,CANDLE_HARVEST_PUBLIC_MARKET_DATA_ONLY_NOT_EDGE_PROOF
2026-06-26T02:51:11+00:00,XRPUSDT,5m,2026-06-26T02:50:00+00:00,1.0179,1.0193,1.0179,1.0187,284720.8,2026-06-26T02:54:59+00:00,290056.41226,1700,https://data-api.binance.vision,OK_KLINES_XRPUSDT_5m_5,True,CANDLE_HARVEST_PUBLIC_MARKET_DATA_ONLY_NOT_EDGE_PROOF
2026-06-26T02:55:03+00:00,XRPUSDT,5m,2026-06-26T02:55:00+00:00,1.0126,1.0132,1.0126,1.0132,7665.9,2026-06-26T02:59:59+00:00,7765.17637,104,https://data-api.binance.vision,OK_KLINES_XRPUSDT_5m_5,True,CANDLE_HARVEST_PUBLIC_MARKET_DATA_ONLY_NOT_EDGE_PROOF
2026-06-26T03:00:12+00:00,XRPUSDT,5m,2026-06-26T03:00:00+00:00,1.0147,1.0157,1.0146,1.0152,67419.9,2026-06-26T03:04:59+00:00,68452.58596,412,https://data-api.binance.vision,OK_KLINES_XRPUSDT_5m_5,True,CANDLE_HARVEST_PUBLIC_MARKET_DATA_ONLY_NOT_EDGE_PROOF
2026-06-26T03:05:19+00:00,XRPUSDT,5m,2026-06-26T03:05:00+00:00,1.0153,1.0156,1.0132,1.0132,37803.2,2026-06-26T03:09:59+00:00,38356.13304,739,https://data-api.binance.vision,OK_KLINES_XRPUSDT_5m_5,True,CANDLE_HARVEST_PUBLIC_MARKET_DATA_ONLY_NOT_EDGE_PROOF
2026-06-26T03:11:14+00:00,XRPUSDT,5m,2026-06-26T03:10:00+00:00,1.0183,1.0219,1.0181,1.0209,165037.8,2026-06-26T03:14:59+00:00,168299.4967,2665,https://data-api.binance.vision,OK_KLINES_XRPUSDT_5m_5,True,CANDLE_HARVEST_PUBLIC_MARKET_DATA_ONLY_NOT_EDGE_PROOF
